{"tile_size": 16, "in_grid": {}, "off_grid": [{"pos": [-12.309374999999992, -1.3125], "type": "environment", "variant": 0}, {"pos": [-12.153124999999992, -3.125], "type": "spawners", "variant": 0}]}